date,MRNA,OCGN,TNXP,BNTX,ARCT,BCYC,VTVT,OGEN,PFE,TBIO,BIO,IBIO,ACRX,SNY,TXG,REGN,PTCT,NVAX,TRVN,WST,ATRS,ONCT,NVLN,ARQL,OHGI,AMPE,SAVA,CRMD,HSTO,LTHM,ASND,VIVE,EVOK,SLS,ADXS,GHSI,AVGR,SINT,TSLA,LEU,NXE,QMCO,VMW,EBAY,BYND,CCJ,ZBRA,TDY,DELL,FB,MSFT,AMZN,AMD,GOOG,URG,TEAM,FSLY,EB,SPOT,MELI,CE,AAPL,TTD,DNN,PINS,UUUU,WORK,FIVE,NVTA,CLDR,NFLX,NIO,SHOP,MDB,DOCU,ZM,URNM,LIT,QMOM,VEA,ARKF,VTI,XSW,IGM,XLK
2021-03-19,143.74,8.92,1.45,107.59,46.4,26.0,2.86,0.9691,35.53,16.45,568.93,1.72,1.74,49.92,177.76,473.7,56.18,228.25,2.06,277.15,4.34,9.0,,,0.0626,1.76,57.77,9.95,1.46,18.05,144.5,3.42,2.27,10.62,0.8435,2.62,1.72,2.08,654.87,27.76,3.77,8.91,145.98,59.73,139.39,17.77,459.95,386.39,87.63,290.11,230.35,3074.96,79.06,2043.2,1.24,219.09,70.8,24.4,272.11,1448.89,147.64,119.99,733.21,1.11,73.01,6.52,40.8,196.63,41.37,12.57,512.18,43.35,1120.95,302.68,205.67,326.26,60.11,59.52,53.6,49.74,53.25,205.26,159.88,355.15,129.6
2021-03-18,141.46,8.9,1.37,103.65,48.34,26.78,2.81,0.9975,35.77,17.76,570.05,1.7,1.79,49.11,168.51,474.68,55.51,217.26,1.97,268.95,4.26,8.36,,,0.067,1.82,56.25,9.59,1.34,17.5,142.84,3.9,2.34,10.54,0.838,2.59,1.62,1.97,653.16,26.49,3.99,8.82,146.92,58.9,133.72,17.83,461.11,393.35,88.11,278.62,230.72,3027.99,78.12,2036.22,1.22,219.28,70.33,24.0,271.73,1436.17,148.67,120.53,700.1,1.12,69.39,6.57,40.53,187.27,39.67,12.17,504.79,41.63,1117.1,301.34,204.8,316.32,60.74,59.47,52.03,49.57,52.41,205.0,158.01,353.68,129.99
2021-03-17,147.55,9.55,1.5,106.66,51.36,28.22,2.88,1.05,35.79,25.7,566.44,1.74,1.9,49.12,170.19,496.01,55.75,225.46,2.05,274.59,4.37,8.98,,,0.063,1.82,62.52,9.63,1.37,18.92,144.0,3.75,2.38,11.71,0.8719,2.72,1.72,2.09,701.81,25.54,4.12,9.45,149.85,59.0,139.19,19.28,473.28,392.76,91.28,284.01,237.04,3135.73,82.63,2091.08,1.3,234.0,75.29,24.12,283.35,1537.62,146.55,124.76,771.51,1.18,74.95,7.14,40.68,196.01,42.8,12.79,524.44,44.76,1169.17,316.19,213.34,336.65,62.49,61.06,55.5499,50.05,55.42,208.8,163.7979,364.91,133.7
2021-03-16,156.02,9.13,1.27,108.1,51.76,27.9,2.89,1.01,35.83,25.02,560.84,1.76,1.86,49.4,168.77,482.17,57.7,222.23,2.09,274.17,4.34,8.35,,,0.059,1.8,52.16,9.27,1.4,18.17,147.0,3.51,2.41,10.42,0.84,2.71,1.6,2.02,676.88,25.94,3.96,8.73,147.85,57.42,139.17,18.7,473.9,391.49,89.08,279.28,237.71,3091.86,82.75,2092.52,1.28,235.89,74.16,24.75,284.69,1550.49,143.7,125.57,768.92,1.17,73.79,7.05,40.79,193.46,41.59,12.7,524.03,43.68,1143.17,318.83,211.18,335.08,62.67,60.03,54.95,49.79,54.95,208.01,163.03,363.94,133.81
2021-03-15,143.66,9.9,1.31,107.88,52.19,28.47,2.77,1.04,35.41,25.24,569.55,1.82,2.18,48.71,169.5,483.94,58.07,217.46,2.11,276.02,4.37,8.62,,,0.05,1.81,52.71,9.27,1.44,18.69,147.0,3.48,2.41,11.05,0.9194,2.64,1.7,2.17,707.94,26.4,3.79,9.07,149.43,57.67,148.11,18.62,478.11,399.14,89.3,273.75,234.81,3081.68,82.5,2066.49,1.3,236.62,76.56,25.81,285.46,1581.32,145.91,123.99,758.26,1.3,72.79,7.18,40.65,197.9,42.94,13.05,520.25,44.93,1159.0,323.3,220.08,350.0,60.13,60.62,56.2494,49.71,55.19,208.85,165.4173,362.06,132.81
2021-03-12,136.99,10.0,1.27,103.28,49.48,27.88,2.7,1.05,34.94,24.6,559.98,1.83,2.22,48.01,160.02,471.46,58.45,202.77,2.16,274.12,4.54,7.57,,,0.04277,1.86,53.44,9.31,1.35,19.37,149.25,3.53,2.45,10.26,0.8685,2.84,1.71,2.24,693.73,24.99,3.64,9.06,148.16,55.8,142.45,17.24,472.85,395.04,88.82,268.4,235.75,3089.49,81.05,2061.92,1.17,229.26,75.16,24.46,279.89,1550.15,148.0,121.03,751.22,1.14,71.75,5.92,40.77,190.8,42.7,12.76,518.02,45.5,1140.63,320.06,210.34,346.39,57.0,60.91,55.23,49.59,54.27,207.4,164.18,358.32,131.41
2021-03-11,140.47,9.6,1.2,102.6,50.87,27.0,2.65,1.08,34.71,24.08,568.9,1.78,2.16,47.84,164.63,469.96,57.23,187.63,2.11,272.89,4.41,6.37,,,0.0509,1.76,54.29,9.51,1.42,19.17,150.0,3.56,3.1,9.84,0.8212,2.89,1.76,2.22,699.6,24.9,3.51,8.95,147.54,56.24,142.81,16.51,480.75,390.86,88.62,273.88,237.13,3113.59,81.23,2114.77,1.14,235.8,75.44,24.58,286.96,1570.78,147.0,121.96,756.5,1.04,71.88,5.73,41.1,191.69,42.92,12.88,523.06,46.03,1142.24,327.26,225.22,355.17,55.69,62.11,56.14,49.47,54.95,206.99,164.9645,361.629,132.36
2021-03-10,129.75,8.11,1.14,98.02,48.17,27.35,2.49,1.06,34.93,23.19,559.22,1.66,1.93,47.95,151.58,467.95,56.55,172.5,1.93,267.73,4.19,5.77,,,0.0432,1.59,51.6,8.23,1.23,18.18,143.99,3.18,2.9,8.97,0.8,2.51,1.61,2.27,668.06,24.1,3.23,8.67,145.84,55.34,138.61,16.1,470.51,390.19,87.68,264.9,232.42,3057.64,77.52,2055.03,1.05,225.69,68.99,22.87,270.19,1435.57,147.56,119.98,722.61,0.9856,68.97,5.24,40.71,183.38,38.66,14.73,504.54,41.32,1087.9,294.45,212.67,336.03,53.455,58.67,52.71,49.11,51.68,204.32,159.53,352.35,129.59
2021-03-09,130.87,8.78,1.15,96.48,48.39,25.42,2.47,1.25,34.45,23.82,561.94,1.62,1.96,47.17,150.61,470.63,59.16,169.9,2.05,267.42,4.17,5.6,,,0.0379,1.6,52.05,7.69,1.25,16.98,145.07,3.17,2.87,8.59,0.8401,2.62,1.54,2.87,673.58,23.64,3.27,8.9,144.38,56.17,139.58,15.75,468.35,383.89,86.49,265.74,233.78,3062.85,78.53,2052.7,1.08,233.05,69.0,22.84,273.58,1452.01,145.36,121.085,719.32,1.03,67.48,5.13,40.7,182.72,38.84,14.49,506.44,41.35,1130.74,311.92,213.22,342.11,54.34,58.23,52.4,48.9,51.94,202.87,158.58,353.46,130.11
2021-03-08,123.47,8.63,1.02,90.29,42.96,22.85,2.35,0.84475,34.35,21.75,554.11,1.45,1.77,46.59,141.09,463.19,58.41,157.87,2.05,261.35,4.01,5.4,,,0.03,1.47,45.02,6.85,1.15,16.1,141.26,2.91,2.78,9.08,0.6686,2.47,1.43,1.81,563.0,22.8,3.12,8.47,143.63,53.49,135.3,15.43,460.64,390.13,85.11,255.31,227.39,2951.95,73.96,2024.17,1.04,223.42,62.05,21.45,258.33,1369.54,150.1,116.36,678.94,0.9711,62.49,4.9,40.03,186.43,34.76,13.96,493.33,35.21,1072.43,287.05,192.84,310.93,52.4,55.56,47.54,48.28,48.23,199.77,151.72,341.31,125.83
2021-03-05,132.19,8.74,1.02,96.2,43.19,23.92,2.44,0.82,34.39,22.23,567.92,1.42,1.74,46.59,155.58,461.57,60.14,174.84,2.09,262.4,4.15,5.41,,,0.0278,1.48,43.41,7.37,1.11,16.7,146.91,2.95,2.67,7.89,0.6801,2.55,1.47,1.88,597.95,23.5,3.43,8.52,143.89,53.76,138.3,15.8,478.15,387.15,85.35,264.28,231.6,3000.46,78.52,2108.54,1.0,228.21,64.84,22.74,274.98,1470.24,147.86,121.42,654.17,1.0,68.14,5.27,40.45,183.36,34.14,14.66,516.39,38.11,1131.01,308.17,204.31,337.43,53.45,59.0,50.08,48.52,50.96,200.75,154.4113,350.8205,128.95
2021-03-04,132.3,8.97,0.968,95.15,45.54,22.4,2.26,0.7956,34.2,21.29,562.0,1.43,1.7,45.9,147.4,449.38,57.87,158.1,2.08,257.29,4.06,5.19,,,0.0275,1.56,44.48,7.09,1.17,17.03,143.45,3.02,2.7,8.0,0.7053,2.57,1.39,1.68,621.44,22.24,3.48,8.4,139.07,53.34,136.42,16.27,479.64,367.66,82.8,257.64,226.73,2977.57,77.75,2049.09,1.03,225.44,65.49,22.88,285.01,1458.64,141.79,120.13,640.16,1.03,68.84,5.37,39.95,183.19,36.01,14.96,511.29,39.28,1149.44,328.29,210.62,343.09,54.13,57.32,50.11,48.13,51.37,197.19,153.24,344.46,126.56
2021-03-03,131.22,10.46,1.13,97.25,50.59,24.0,2.44,0.9196,34.39,21.45,566.87,1.58,1.88,45.46,173.21,446.73,57.0,183.61,2.09,267.62,4.27,5.93,,,0.0309,1.43,48.7,6.84,1.17,18.73,152.9,3.25,2.89,8.75,0.767,2.82,1.63,1.86,653.2,25.07,3.93,8.95,139.07,54.6,139.485,17.37,489.55,370.63,83.6,255.41,227.56,3005.0,80.86,2026.71,1.13,227.68,68.01,22.23,300.24,1528.0,143.58,122.06,695.93,1.14,74.39,5.86,40.25,192.34,39.04,15.32,520.7,41.53,1220.3,352.05,219.64,341.57,58.13,61.5,53.92,48.62,54.52,200.36,158.87,352.41,129.42
2021-03-02,146.81,9.6,1.22,104.98,53.96,24.87,2.35,1.04,33.51,21.98,591.22,1.72,1.91,45.94,186.72,454.86,57.32,205.99,2.17,278.1,4.06,6.39,,,0.032,1.65,51.55,7.62,1.17,19.54,155.13,3.38,2.96,9.44,0.8299,2.5,1.71,1.93,686.44,24.52,3.89,8.91,139.24,56.99,139.66,17.27,501.62,374.81,82.71,259.0,233.87,3094.53,84.13,2075.84,1.2,244.4,70.9,20.89,322.74,1642.41,142.72,125.12,797.91,1.23,81.17,6.19,40.92,194.49,42.01,16.24,547.82,43.29,1309.06,379.93,232.59,372.79,57.49,63.45,57.97,48.92,57.08,203.29,163.6,362.9,132.76
2021-03-01,157.4,10.02,1.22,110.21,54.64,25.67,2.5,1.02,33.69,23.8,597.3,1.81,1.97,45.91,186.75,463.05,58.16,240.29,2.24,282.99,4.5,6.99,,,0.03,1.72,50.06,9.02,1.18,19.24,156.3,3.46,3.04,8.44,0.8822,2.67,1.68,2.05,718.43,24.15,3.57,8.69,140.41,58.48,147.105,16.01,511.48,380.29,83.09,264.91,236.94,3146.14,86.39,2081.51,1.11,251.5,77.25,21.54,321.28,1713.28,142.51,127.79,832.34,1.07,83.32,5.19,41.11,194.08,43.72,16.63,550.64,49.76,1309.94,395.04,238.56,409.66,54.73,63.58,60.24,48.94,57.86,205.22,166.84,368.5,134.9
2021-02-26,154.81,10.95,1.19,109.03,52.67,25.27,2.66,1.02,33.49,23.34,584.5,1.76,1.88,45.89,177.99,450.57,57.1,231.23,2.145,280.65,4.25,6.53,,,0.0335,1.71,48.58,15.0,1.13,18.62,154.97,3.4,2.95,8.13,0.8399,3.0282,1.6,2.05,675.5,23.49,3.5,8.34,138.21,56.42,145.48,15.66,499.43,371.0,81.07,257.62,232.38,3092.93,84.51,2036.86,1.13,237.7,73.58,19.87,307.38,1638.11,138.91,121.26,805.39,1.05,80.58,5.19,40.93,186.12,40.13,16.14,538.85,45.78,1280.97,385.93,226.66,373.61,53.43,60.76,56.73,48.01,55.28,200.08,160.59,358.36,130.69
2021-02-25,148.38,8.0,1.22,112.33,51.43,24.94,2.54,1.05,33.82,22.26,582.45,1.85,1.94,45.8,173.1,453.19,55.19,221.5,2.19,277.68,4.47,6.77,,,0.03635,1.69,50.88,15.78,1.21,18.79,158.66,3.69,3.11,8.37,0.883,4.1688,1.65,2.42,682.22,23.44,3.97,8.1,143.53,56.7987915194,143.75,16.41,497.62,378.05,79.68,254.69,228.99,3057.16,82.42,2031.36,1.14,232.4,72.19,19.0,303.06,1613.06,138.81,120.99,754.59,1.09,79.11,5.39,41.8,186.25,39.8,16.1,546.7,46.81,1245.1,380.0,225.73,364.73,56.07,60.99,55.57,48.71,54.97,200.88,160.8492,355.35,130.0
2021-02-24,144.79,8.93,1.25,114.17,55.14,25.45,2.53,1.16,33.75,22.53,594.74,2.01,2.08,46.61,179.43,458.6,57.63,239.94,2.24,278.92,4.48,7.28,,,0.04,1.85,53.06,16.53,1.3,20.4,153.84,3.88,3.22,8.93,1.01,4.6854,1.68,2.28,742.02,24.73,3.87,8.48,146.76,59.1911590106,152.05,16.16,512.69,390.82,81.69,264.31,234.55,3159.53,86.94,2095.17,1.2,239.93,75.76,20.88,334.69,1714.0,141.21,125.35,781.04,1.16,84.17,5.66,42.35,194.6,42.09,16.6,553.41,51.86,1301.15,398.14,239.66,385.23,56.12,65.76,59.3,49.55,57.59,206.27,168.01,368.74,134.71
2021-02-23,150.17,8.59,1.22,111.97,54.3,24.16,2.37,1.14,33.91,22.9,594.48,2.02,1.89,46.41,176.09,468.03,57.29,243.23,2.19,274.29,4.44,7.01,,,0.0382,1.68,52.37,16.48,1.2,18.86,152.89,3.77,3.07,7.95,0.8794,4.5072,1.65,2.12,698.84,25.44,3.88,7.97,144.18,61.1748303887,149.42,16.02,498.02,380.91,80.56,265.855,233.27,3194.5,84.74,2070.86,1.11,241.46,77.91,20.39,336.31,1775.79,136.96,125.86,791.09,1.1,84.56,5.45,42.42,190.21,42.72,16.62,546.15,49.11,1300.24,380.69,243.6,388.16,55.85,64.59,58.93,49.37,58.54,203.98,165.4,364.7,132.68
2021-02-22,159.37,9.18,1.29,114.6,59.59,25.18,2.61,1.25,34.26,23.42,603.54,2.05,2.07,46.36,178.7,460.58,57.4,245.09,2.23,272.65,4.78,7.2,,,0.04,1.83,53.02,17.12,1.42,20.35,153.38,4.04,3.34,8.73,1.07,6.24,1.83,2.43,714.5,26.14,4.01,8.26,143.87,61.3642261484,150.86,16.32,488.31,398.11,80.77,260.33,234.51,3180.74,85.37,2064.88,1.2,241.01,76.39,20.89,349.91,1788.82,137.52,126.0,845.22,1.19,80.99,5.58,42.86,190.29,44.81,17.44,533.78,50.68,1381.3,392.56,243.51,394.34,57.44,66.11,59.6036,49.35,59.89,204.01,169.76,365.87,133.05
2021-02-19,174.74,10.27,1.42,115.69,66.98,25.66,2.74,1.3,34.44,25.17,637.01,1.99,2.16,46.64,190.73,470.37,58.08,277.88,2.33,281.55,4.83,7.48,,,0.046,1.96,55.76,17.58,1.59,20.06,158.56,4.15,3.42,9.36,1.17,6.54,1.91,2.81,781.3,24.61,3.88,8.4,144.68,61.7828904594,160.22,16.6,490.94,405.91,80.77,261.56,240.97,3249.9,89.58,2101.14,1.31,258.41,80.68,19.92,364.59,1910.39,135.22,129.87,903.35,1.2,85.9,5.77,43.3,194.32,50.42,18.69,540.22,55.04,1435.01,418.3,265.16,417.26,57.4,68.31,63.5799,49.5,62.64,205.97,175.3026,373.96,136.05
2021-02-18,169.57,10.17,1.46,112.65,64.72,27.78,2.83,1.2,34.56,25.36,651.5,2.05,2.16,47.31,186.37,477.03,58.84,265.29,2.28,296.74,4.85,7.53,,,0.0533,1.92,51.0,16.25,1.69,20.36,158.49,3.9,3.43,9.09,1.2,6.24,2.1,2.44,787.38,24.17,3.72,8.48,142.49,62.6002826855,167.09,15.98,477.65,408.51,79.69,269.39,243.79,3328.23,88.64,2117.2,1.22,256.73,80.2,18.59,354.88,1891.09,131.4,129.71,846.5,1.27,85.99,5.17,43.24,192.73,47.52,18.33,548.22,54.43,1384.57,402.5,260.99,417.91,55.48,68.26,62.7189,49.27,61.82,205.5,173.0508,374.84,136.25
2021-02-17,176.76,10.23,1.68,113.56,67.29,26.52,2.84,1.29,34.89,27.3,655.72,2.05,2.23,47.61,187.55,481.68,59.48,273.98,2.43,293.99,4.73,8.31,,,0.05,2.07,51.22,14.34,1.49,21.84,168.19,4.03,3.8,9.84,1.41,6.48,1.69,2.79,798.15,25.3,3.74,8.4,141.31,62.8494876325,167.87,16.76,479.58,403.24,79.26,273.57,244.2,3308.64,89.94,2128.31,1.4,250.53,94.85,18.99,355.19,1890.25,132.42,130.84,844.42,1.51,86.3,6.01,43.46,195.86,47.86,18.49,551.34,57.32,1425.0,410.8,254.98,429.42,60.14,73.11,64.09,49.59,63.07,206.69,174.9253,376.44,136.92
2021-02-16,178.53,10.96,1.77,114.38,68.94,26.04,2.66,1.39,34.69,26.52,649.62,2.33,2.3,47.45,192.43,480.71,60.41,262.7,2.48,295.61,4.56,8.26,,,0.078,2.35,51.83,13.99,1.65,22.77,160.65,4.15,3.46,10.11,1.13,6.96,1.83,2.98,796.22,25.29,4.07,8.64,143.19,62.6650759717,173.04,16.94,486.01,390.37,79.44,273.97,243.142425233,3268.95,91.46,2121.9,1.37,248.95,97.5,18.55,353.73,1939.87,131.12,133.19,868.98,1.49,89.15,6.13,44.28,194.94,49.07,18.58,557.28,59.23,1474.0,408.21,264.69,444.51,58.8,74.31,65.4376,49.9,63.6,207.12,174.61,379.25,138.14
2021-02-12,183.74,10.28,1.82,117.56,73.47,27.58,2.7,1.4,34.72,27.59,662.35,2.42,2.51,47.57,196.86,485.62,61.43,289.76,2.57,294.01,4.53,7.54,,,0.0689,2.49,46.12,13.74,1.72,22.5,160.67,4.19,3.4,9.44,1.08,6.6,1.83,2.95,816.12,23.74,4.0,8.36,145.13,62.809614841,175.45,15.77,477.74,387.91,80.05,270.5,244.42947377,3277.71,93.77,2104.11,1.15,252.97,102.06,17.4,339.7,1943.0,132.73,135.37,864.0,1.11,84.04,5.79,43.69,192.32,51.86,18.99,556.52,59.85,1455.49,422.85,263.3,433.11,53.0,71.69,67.085,49.6,62.52,207.49,175.7679,379.4,138.59
2021-02-11,183.44,10.99,2.0,118.03,78.77,27.72,2.7,1.38,34.43,27.61,643.81,2.34,2.63,47.7,190.12,490.54,63.275,298.26,2.74,291.09,4.64,7.05,,,0.0719,2.16,48.19,13.3,1.68,21.87,149.17,4.28,3.45,9.21,1.105,6.9,1.87,2.95,811.66,24.91,3.87,8.6,143.0,62.1118409894,175.66,15.66,470.08,388.96,79.5,270.39,243.930617748,3262.13,92.66,2095.89,1.13,252.8,108.26,17.13,331.9,1942.25,130.47,135.13,866.84,1.06,87.03,5.65,43.57,188.4,51.09,18.61,557.59,60.27,1463.31,418.16,256.27,432.77,52.5,71.18,66.5007,49.37,61.94,206.42,174.39,377.12,137.88
2021-02-10,179.34,10.25,1.63,119.35,80.7,28.88,2.57,1.47,34.74,28.86,631.92,2.6,2.64,48.07,185.28,491.22,63.74,298.36,2.85,292.29,4.69,6.92,,,0.04,2.27,49.29,14.07,1.72,21.07,154.13,4.5,3.82,9.66,1.14,6.66,1.99,3.1,804.82,25.57,3.96,8.49,146.51,62.1218091873,171.53,16.44,427.47,388.31,79.58,271.87,242.264438634,3286.58,92.35,2095.38,1.13,252.46,109.51,17.26,335.71,1905.27,129.15,135.39,861.92,0.9761,81.12,5.4,43.06,189.54,51.94,18.44,563.59,61.26,1462.42,417.34,255.25,431.0,52.1,70.53,64.9544,49.05,60.37,205.93,172.6657,373.93,136.38
2021-02-09,179.52,12.61,1.61,117.53,84.15,29.35,2.57,1.52,34.97,29.27,636.46,2.62,2.77,48.86,182.78,490.68,63.75,315.87,2.93,289.89,4.71,6.79,,,0.03,2.25,57.56,14.1,1.68,22.21,154.08,5.0,4.41,9.95,1.16,6.3,2.01,3.04,849.46,27.2,4.0,8.94,147.66,62.0320954064,166.66,15.14,425.27,389.65,79.59,269.45,243.212265076,3305.0,90.91,2083.51,1.07,248.05,117.86,17.35,334.0,1878.0,129.38,136.01,864.61,0.9292,79.41,5.34,42.93,191.83,52.6,18.37,559.07,62.84,1432.99,405.46,255.82,430.03,51.01,70.72,65.61,49.16,60.26,206.02,174.48,373.705,136.58
2021-02-08,185.98,15.81,1.55,119.5,86.92,28.24,2.66,1.3,34.82,34.33,628.68,2.42,2.59,48.63,181.7,494.9,63.94,319.93,2.89,294.46,4.71,6.99,,,0.03137,2.13,60.67,14.91,1.5,21.8,153.93,4.7,3.2,10.15,1.05,5.868,1.97,2.35,863.42,27.63,3.91,8.68,146.8,63.636975265,169.09,14.76,420.31,387.06,79.94,266.58,241.915239418,3322.94,91.47,2092.91,0.9913,244.38,111.65,17.53,323.79,1900.89,130.04,136.91,852.31,0.8627,79.81,5.6,43.24,192.2,50.81,17.44,547.92,59.07,1345.09,410.78,248.9,410.81,49.97,69.29,64.885,48.88,58.95,205.94,170.36,372.99,136.74
2021-02-05,176.24,5.25,1.27,117.57,85.05,30.25,2.44,1.05,34.92,30.92,616.48,2.17,2.32,48.21,185.54,498.98,63.55,290.18,2.62,291.35,4.68,6.71,,,0.028,1.96,44.8,14.96,1.35,19.81,152.72,3.83,3.08,9.26,1.04,4.725,1.7,2.14,852.23,26.07,3.69,8.05,145.72,62.0320954064,168.92,14.0,407.11,385.16,79.61,268.1,241.645857166,3352.15,87.9,2098.0,0.929,243.8,113.15,17.98,310.77,1918.13,126.657686659,136.76,855.06,0.777,81.96,4.87,43.24,190.8,49.7,17.11,550.79,56.67,1287.75,412.66,250.37,419.59,47.24,67.65,63.1497,48.57,57.79,204.11,166.9,370.1,135.32
2021-02-04,173.31,3.25,1.33,117.56,86.78,29.89,2.61,1.01,34.89,26.7,605.01,2.39,2.32,47.12,181.84,498.84,63.08,280.92,2.61,290.25,4.57,6.53,,,0.027,1.95,63.43,16.54,1.32,19.99,150.88,3.87,2.95,9.8,0.9518,4.5876,1.6,2.63,849.99,26.5,3.2,7.75,144.68,60.9256254417,169.25,13.45,407.34,387.44,79.31,266.49,241.456291878,3331.0,87.84,2062.37,0.899,241.0,111.67,17.8,314.7,1893.35,125.404241126,137.184363889,854.02,0.75,77.84,4.19,43.03,186.55,50.19,16.75,552.16,57.6,1260.87,396.36,246.01,389.98,45.05,67.96,61.84,48.21,56.98,202.97,163.7637,367.85,135.62
2021-02-03,165.86,2.81,1.2,118.02,81.06,29.09,2.85,1.01,34.84,25.73,591.37,2.17,2.32,46.87,180.87,491.18,60.77,284.21,2.37,292.08,4.46,6.86,,,0.0245,1.74,87.95,14.44,1.27,19.0,149.98,3.8,2.87,9.4,0.75,4.5,1.67,1.9,854.69,24.63,3.25,7.16,142.34,57.8554204947,168.29,13.67,403.69,378.53,77.75,266.65,242.444026802,3312.53,87.89,2070.07,0.9173,243.99,109.83,17.57,317.25,1870.52,125.593252754,133.739527617,839.15,0.735,77.14,4.27,43.04,182.21,52.39,16.82,539.45,57.98,1224.16,395.83,236.83,380.47,45.6,69.33,60.66,48.19,56.12,200.43,160.65,363.24,133.49
2021-02-02,158.58,3.26,1.05,114.76,78.54,28.49,2.66,0.9759,34.99,24.2,596.64,1.74,2.17,47.27,182.56,499.98,60.24,264.41,2.29,294.6,4.52,6.7,,,0.02,1.7,55.44,11.72,1.27,18.99,151.16,3.76,2.65,8.18,0.721,4.455,1.53,1.81,872.79,21.62,3.18,7.26,142.72,57.1476784452,167.16,13.67,405.19,383.77,77.17,267.08,238.962011767,3380.0,88.86,1927.51,0.9,248.79,106.3,18.35,345.05,1909.99,124.369651163,134.787956047,831.45,0.7345,73.87,4.14,42.73,181.19,53.62,16.9,548.16,55.77,1235.35,394.65,239.84,391.84,45.0365,69.62,60.478,48.06,55.87,200.13,160.6087,363.02,133.95
2021-02-01,157.48,1.81,0.9685,116.1,80.42,26.93,2.04,0.937,35.8,24.46,591.68,1.87,2.13,47.6,176.83,508.08,56.79,268.3,2.4,297.02,4.34,6.56,,,0.0219,1.8,22.99,8.9,1.18,19.38,149.38,3.77,2.57,6.1,0.7034,4.566,1.53,1.85,839.81,22.05,3.18,7.24,137.67,58.2840530035,177.97,14.63,397.33,373.46,73.95,262.01,239.101691453,3342.88,87.66,1901.35,0.979,234.87,109.67,18.49,332.65,1896.79,122.031875765,133.93922827,793.21,0.7444,70.72,4.27,42.51,172.69,51.54,16.18,539.04,56.99,1144.93,374.87,230.14,381.93,44.4916,66.65,59.29,47.53,54.14,197.3,157.3355,356.61,132.16
2021-01-29,173.16,1.77,0.9786,116.94,72.46,26.81,2.04,0.915,35.9,23.88,573.77,1.6,2.2,47.21,171.15,503.84,57.82,220.94,2.18,299.49,4.38,5.41,,,0.0235,1.57,19.82,8.75,1.15,18.22,150.15,3.78,2.58,6.1,0.73,4.8798,1.46,1.8,793.53,20.31,2.81,7.13,137.85,56.3302862191,178.08,12.42,387.83,357.01,72.89,258.33,231.429285831,3206.2,85.64,1835.74,0.8027,231.13,109.35,17.85,315.0,1779.51,121.514580783,131.762491147,765.99,0.6581,68.51,3.8,42.17,175.73,49.52,15.27,532.39,57.0,1098.59,369.61,232.89,372.07,40.9391,65.58,57.8099,46.87,52.13,193.99,154.3866,347.75,128.93
2021-01-28,159.55,1.82,0.981,110.0,65.48,26.29,2.0,0.8973,35.86,22.34,566.44,1.59,2.25,47.57,173.32,506.27,56.37,134.01,2.19,298.92,4.39,5.4,,,0.02426,1.6,18.72,8.74,1.17,19.61,155.39,3.55,2.52,5.5,0.6981,5.31,1.61,1.8,835.43,21.63,2.83,7.39,140.29,56.2605088339,179.79,12.79,393.03,367.95,73.92,265.0,238.383338781,3237.62,87.52,1863.11,0.887099,227.02,109.54,18.72,325.44,1844.73,121.047025704,136.884812908,794.52,0.66,68.51,3.94,42.24,178.69,50.93,15.67,538.6,58.37,1120.57,371.0,234.14,378.59,41.8932,68.71,57.5252,47.92,52.76,197.45,156.9435,354.07,132.04
2021-01-27,155.73,1.66,0.951,105.97,67.2,25.67,2.04,0.928,35.8501075862,22.54,547.01,1.67,2.28,47.33,163.22,515.56,56.67,131.18,2.2,293.23,4.44,5.33,,,0.0221,1.57,19.75,8.76,1.3,20.18,152.0,3.28,2.68,5.7,0.701,4.5588,1.68,1.88,864.16,19.65,2.8,7.0,145.46,58.164434629,192.08,12.62,391.36,387.62,73.86,272.14,232.367135153,3232.58,88.84,1830.79,0.9231,217.3,108.98,18.36,330.19,1718.7,118.749042228,141.847374147,756.3,0.6386,64.67,4.21,42.05,176.67,47.69,15.29,523.28,57.15,1092.08,343.56,225.19,370.74,42.1911,69.21,56.16,47.55,51.48,195.91,155.005,350.22,131.5
2021-01-26,151.93,1.92,0.9906,106.29,64.99,26.83,2.13,1.05,36.9085958621,23.14,570.76,1.72,2.4,49.15,171.75,544.1,61.18,127.16,2.31,299.68,4.54,5.8,,,0.022,1.7,19.43,8.9,1.47,20.49,155.72,3.43,2.71,5.91,0.777,4.5174,1.91,2.02,883.09,20.96,2.96,7.01,140.58,58.9818268551,186.83,12.94,395.16,383.68,76.04,282.05,231.798439287,3326.13,94.71,1917.24,1.02,223.88,106.99,18.46,337.01,1807.74,124.996373929,142.945727741,776.29,0.6902,69.24,4.21,42.78,184.75,48.15,14.42,561.93,60.31,1159.77,355.95,235.11,374.39,44.21,71.59,58.176,48.69,53.99,200.73,158.2281,360.35,134.03
2021-01-25,147.0,2.08,1.02,110.61,69.44,26.98,2.13,1.05,36.8789186207,24.63,588.34,1.71,2.41,49.63,183.25,548.2,63.52,131.46,2.34,300.26,4.565,5.47,,,0.024,1.74,15.68,8.51,1.3,21.4,158.89,3.35,2.76,6.06,0.7596,4.68,1.99,1.95,880.8,21.2,2.84,7.09,136.28,57.0679328622,158.73,12.73,402.63,385.95,75.68,278.01,229.004845563,3294.0,94.13,1899.4,0.933598,231.08,105.21,18.71,333.61,1880.0,127.712172583,142.706086957,785.59,0.68,73.37,3.89,42.62,186.73,52.23,13.88,556.78,59.99,1205.92,368.98,244.4,391.83,43.75,72.18,59.58,48.67,55.07,201.46,159.135,360.67,133.94
2021-01-22,131.02,2.18,1.03,108.44,67.7,26.8,2.2,1.09,36.1567724138,23.03,594.83,1.76,1.91,49.69,187.0,537.78,63.36,126.98,2.21,300.09,4.56,5.5,,,0.019,1.8,12.87,8.64,1.21,21.48,160.66,3.43,2.84,5.96,0.7454,4.8132,2.13,1.93,846.64,22.09,2.8,7.16,134.5,56.2804452297,140.7,12.37,408.84,389.17,75.94,274.5,225.433036444,3292.23,92.79,1901.05,0.9303,235.45,103.28,19.51,338.96,1965.05,130.716462668,138.861849378,812.96,0.697,73.08,3.94,42.65,189.67,55.21,14.02,565.17,61.95,1196.7,384.12,255.15,383.4,43.0,71.83,59.78,48.7,54.58,200.89,160.7169,359.92,132.83
2021-01-21,132.98,2.25,0.98,105.43,63.77,27.14,2.13,1.02,36.0875255172,22.53,589.19,1.46,1.91,49.64,185.53,535.48,63.05,122.4,2.16,299.68,4.29,5.53,,,0.0189,1.55,12.08,8.63,1.12,21.58,154.86,3.46,2.89,6.05,0.79,4.8546,2.09,2.02,844.99,22.11,2.84,6.99,134.09,56.2206360424,134.61,12.41,406.2,387.68,76.9,272.87,224.45527864,3306.99,91.53,1891.25,0.957099,234.18,104.13,18.61,348.3,1940.19,131.641624847,136.66514219,813.03,0.7227,73.52,3.85,42.42,188.68,53.13,14.09,579.84,58.34,1198.15,379.14,253.94,382.81,44.13,71.45,59.1964,49.04,54.14,201.22,159.3319,361.44,133.34
2021-01-20,125.14,2.23,0.9288,103.23,67.3,28.3,2.16,1.12,36.1073103448,22.26,600.81,1.45,1.95,49.91,181.04,542.27,63.795,125.05,2.15,305.05,4.295,5.58,,,0.0165,1.5,12.24,8.84,1.07,22.3,156.45,3.25,2.86,5.8,0.692,5.184,2.3,1.96,850.45,22.43,2.79,7.05,132.67,55.9913674912,135.21,12.63,406.55,387.75,77.05,267.48,223.826720052,3263.38,88.75,1886.9,0.9567,231.61,97.55,18.16,331.41,1984.34,131.681416769,131.832386376,810.99,0.7493,72.64,3.93,42.63,184.98,56.93,14.41,586.34,57.71,1200.98,368.81,255.31,382.8,44.4916,70.58,59.2628,48.93,54.14,201.37,160.56,358.46,131.64
2021-01-19,125.01,2.34,0.9119,104.7,68.45,29.96,2.13,0.9119,36.3348358621,22.98,608.97,1.51,2.35,50.51,182.22,533.89,65.62,128.0,2.18,300.12,4.36,5.79,,,0.02,1.5,12.97,8.99,1.18,23.41,158.28,3.19,2.96,5.94,0.7176,4.7994,1.96,2.0,844.55,23.78,2.6,6.88,132.3,56.7987915194,141.64,12.92,405.84,387.22,74.86,261.1,215.944794901,3120.76,89.45,1790.86,1.01,226.74,95.31,18.0,319.75,1913.21,131.850532436,127.638672654,780.62,0.7533,71.01,3.93,42.07,184.66,55.86,14.02,501.77,58.44,1173.97,368.0,256.57,393.87,43.67,69.22,58.5933,48.56,53.11,198.86,158.91,349.95,129.08
2021-01-15,129.65,2.22,0.91,101.59,59.69,27.03,2.09,0.9287,36.3051586207,23.33,601.15,1.47,2.08,49.39,179.67,517.93,68.49,127.43,2.12,299.240498185,4.28,5.46,,,0.021,1.36,10.57,8.84,1.02,22.48,157.93,3.17,2.78,6.01,0.61,3.81,1.47,1.76,826.16,24.84,2.64,6.88,134.81,55.2437526502,140.1,12.96,409.22,382.59,74.26,251.36,212.163466253,3104.25,88.21,1736.19,1.07,222.93,88.21,17.27,319.82,1851.78,133.38252142,126.949705399,785.36,0.777,69.75,3.98,41.8,189.81,52.59,14.21,497.98,56.27,1170.47,361.26,249.28,384.53,44.7739,68.29,56.9248,48.22,51.7,197.06,156.8828,344.6506,127.42
2021-01-14,129.72,2.18,0.9564,105.85,62.27,25.5,2.15,0.95,36.3546206897,23.36,593.14,1.54,1.86,49.03,179.89,517.91,68.72,129.98,2.18,298.550888807,4.34,5.68,,,0.02,1.38,10.48,8.9,0.9579,21.69,162.01,3.18,2.91,6.05,0.6358,3.7476,1.11,1.86,845.0,24.61,2.73,6.83,135.55,55.094229682,142.47,13.84,411.98,388.12,73.25,245.64,212.532619709,3127.47,90.79,1740.18,1.19,222.97,91.12,17.95,342.27,1852.53,136.854366585,128.717056182,775.3,0.8031,70.96,4.22,41.92,194.53,53.44,14.45,500.86,60.87,1178.86,364.46,250.25,383.24,46.15,69.01,58.08,49.01,52.29,198.79,158.358,347.44,128.74
2021-01-13,124.06,2.5,0.9999,102.61,65.31,19.85,2.26,0.7684,36.4634372414,22.96,604.32,1.44,1.99,48.04,175.52,511.9,66.64,126.21,2.22,297.831296413,4.18,5.09,,,0.02125,1.43,11.45,8.63,0.97,21.17,165.5,4.0,2.73,6.15,0.6811,3.798,1.13,1.92,854.41,21.47,2.65,6.68,133.2,55.5328303887,125.35,13.68,412.45,386.96,71.23,251.64,215.845023697,3165.89,91.78,1754.4,1.11,229.87,90.59,18.06,347.06,1798.19,136.088372093,130.694092651,785.45,0.7431,72.76,3.99,42.29,192.6,51.37,14.0,507.79,62.15,1199.82,375.81,255.85,364.63,44.4817,69.93,57.36,48.64,52.18,198.98,156.83,349.81,129.88
2021-01-12,124.55,2.23,0.925,105.45,62.89,20.22,2.07,0.7489,36.7799944828,22.19,610.04,1.58,2.18,48.35,167.69,505.75,67.05,124.14,2.21,298.321019015,4.29,5.04,,,0.02,1.43,8.18,8.75,0.97,21.43,173.21,4.19,2.71,6.36,0.6486,4.0398,1.16,1.85,849.44,21.18,2.72,6.97,142.91,55.8617809187,120.51,13.77,407.95,382.51,76.75,251.09,214.438249714,3120.83,95.355,1746.55,0.87,234.19,89.62,18.19,347.01,1810.09,138.028228274,128.607220823,805.6,0.7521,75.07,3.76,42.14,191.78,47.59,14.19,494.25,62.04,1188.24,370.8,262.65,356.81,43.3289,71.3,57.135,48.73,51.95,198.76,157.73,348.15,129.06
2021-01-11,117.26,2.49,0.815,108.9,69.67,20.12,2.11,0.7692,37.3636468966,21.51,615.79,1.26,1.36,48.05,167.5,502.92,66.27,116.48,2.18,302.238799827,4.04,5.04,,,0.015,1.48,8.29,8.32,0.923,21.0,173.33,4.51,2.62,6.29,0.6616,4.32,1.45,1.77,811.19,21.8,2.84,6.81,141.5,53.7584911661,116.64,14.19,413.79,372.19,75.63,256.84,216.992392548,3114.21,97.25,1766.72,0.84,230.67,85.09,18.18,344.07,1761.55,136.277383721,128.786951411,779.29,0.7705,71.7,3.96,42.07,189.0,45.94,14.25,499.1,62.7,1177.64,361.46,240.96,337.71,45.3,69.23,56.51,48.5,50.96,198.06,156.5497,349.09,129.68
2021-01-08,112.75,2.69,0.838,100.39,69.66,19.66,2.1,0.8116,36.7305324138,21.66,621.37,1.2,1.35,48.45,159.37,498.73,67.58,121.855,2.4,307.355901295,3.98,4.71,,,0.0145,1.41,8.38,8.78,0.873,21.66,169.06,4.68,2.57,6.33,0.54,4.4016,0.8956,1.7,880.02,22.07,2.93,6.74,142.86,54.3067420495,118.1,14.31,405.47,368.33,77.22,267.57,219.117519202,3182.7,94.58,1807.21,0.83,235.48,88.22,19.1,353.11,1719.0,136.108268054,131.852356441,795.81,0.7858,71.87,4.01,42.35,182.8,51.13,14.48,510.4,58.92,1188.92,359.86,244.54,349.61,46.45,70.87,57.113,49.14,51.96,199.25,158.72,352.9628,130.76
2021-01-07,115.09,2.8,0.788,93.69,66.97,19.78,2.05,0.84,36.6612855172,21.32,629.12,1.18,1.37,48.09,158.79,481.2,68.92,128.18,2.42,303.88786573,3.95,4.74,,,0.016,1.46,8.42,8.14,0.8792,22.1,167.47,4.55,2.62,6.71,0.4611,4.2,0.6499,1.64,816.04,22.29,3.0,7.06,144.05,52.8912579505,120.7,14.68,409.1,356.17,76.34,268.74,217.790562183,3162.16,95.16,1787.25,0.845,233.38,86.91,19.23,331.36,1597.97,138.694742962,130.724047749,763.03,0.8121,71.38,4.2,42.12,184.31,49.19,14.28,508.89,54.28,1159.53,351.67,239.03,342.5,48.13,72.52,56.16,48.68,51.08,198.29,156.26,350.19,129.92
2021-01-06,116.26,2.61,0.7629,91.16,49.37,20.06,1.97,0.62,36.4733296552,20.24,612.2,1.18,1.34,48.01,140.25,470.09,66.49,123.74,2.22,293.973481634,3.85,4.59,,,0.016,1.43,8.18,7.94,0.86,20.8,162.92,4.53,2.7,5.91,0.4484,3.9552,0.5751,1.63,755.98,22.38,2.93,7.11,139.39,53.0507491166,117.63,14.42,394.82,368.89,74.07,263.31,211.764381435,3138.38,90.33,1735.29,0.85,224.48,81.62,18.47,314.24,1571.98,135.839672583,126.410513635,740.61,0.744,67.11,4.16,41.79,182.38,45.54,13.77,500.49,50.5,1087.31,335.3,223.85,344.41,46.84,69.57,53.27,48.54,49.32,195.16,151.83,341.56,126.51
2021-01-05,109.18,2.77,0.8206,86.78,48.79,19.12,2.04,0.58,36.7898868966,19.065,584.13,1.18,1.37,48.74,141.65,483.45,64.79,116.24,2.16,290.855247927,3.815,4.85,,,0.0156,1.53,7.68,7.66,0.851,20.29,165.09,4.55,2.78,5.81,0.53,3.3,0.6667,1.66,735.11,21.2,3.0,6.94,139.79,51.8645335689,126.07,14.57,380.57,375.49,73.46,270.97,217.401454486,3218.51,92.77,1740.92,0.829,234.42,86.7,17.48,313.72,1650.0,130.915422277,130.813913043,788.54,0.7622,68.42,4.37,42.01,172.49,46.22,13.82,520.8,53.2,1118.74,355.56,228.5,360.83,45.78,71.34,52.4132,48.02,50.36,193.42,152.32,346.66,128.73
2021-01-04,111.73,3.07,0.715,85.73,48.9,19.2,2.0,0.5199,36.4139751724,19.08,575.26,1.22,1.25,48.75,140.56,482.86,60.5,112.98,2.11,285.408333278,3.89,4.98,,,0.0173,1.48,7.09,7.38,0.795,18.78,165.49,4.42,2.7,5.61,0.417,3.0516,0.593,1.6,729.77,21.34,2.66,6.36,138.68,51.3362190813,125.57,13.39,378.13,362.39,72.49,268.94,217.191934957,3186.63,92.3,1728.24,0.7602,231.56,86.14,16.35,311.0,1640.0,125.274917381,129.216307816,773.43,0.6701,68.07,3.94,41.99,167.09,43.64,13.84,522.86,53.49,1092.4,350.41,222.41,359.98,43.15,66.3,51.64,47.48,49.3,191.87,150.9401,344.31,127.9
2020-12-31,104.47,1.83,0.675,81.52,43.38,17.95,1.86,0.449,36.4139751724,18.43,582.94,1.05,1.24,48.59,141.6,483.11,61.03,111.51,2.14,283.149612708,3.99,4.9,,,0.01801,1.59,6.82,7.43,0.758,18.84,166.78,4.7,2.58,5.81,0.3487,2.49,0.4401,1.57,705.67,23.13,2.76,6.12,140.26,50.0901943463,125.0,13.4,384.33,391.98,73.29,273.16,221.911112927,3256.93,91.71,1751.88,0.8012,233.87,87.37,18.1,314.66,1675.22,129.264057528,132.491398532,801.0,0.647,65.9,4.26,42.24,174.98,41.81,13.91,540.73,48.74,1131.95,359.04,222.3,337.32,42.9,61.89,52.3651,47.21,49.71,194.64,154.1,349.83,130.02
2020-12-30,111.13,1.97,0.682,83.94,46.71,18.57,1.93,0.4363,36.3447282759,18.96,574.83,1.09,1.25,48.36,142.61,478.3,61.08,118.96,2.14,279.78152053,4.03,4.81,,,0.023,1.48,7.01,7.39,1.04,18.62,170.19,4.59,2.69,5.84,0.383,3.528,0.4725,1.66,694.78,23.86,2.79,5.8,138.05,50.3892402827,126.49,13.39,383.75,391.1,72.5,271.87,221.172806014,3285.85,92.29,1739.52,0.85,234.04,90.43,18.3,319.35,1712.94,128.925826193,133.519856898,818.0,0.71,67.14,4.31,42.33,172.74,44.2,14.07,524.59,48.38,1163.0,365.11,225.9,353.4,43.56,62.31,52.8849,47.53,49.88,193.75,153.68,348.93,129.83
2020-12-29,114.39,2.17,0.655,88.28,42.36,18.75,1.9,0.42,36.6513931034,19.5,574.92,1.08,1.18,48.26,142.19,484.22,63.45,120.27,2.13,278.182426321,3.93,4.8,,,0.018,1.59,6.79,7.46,1.07,17.78,166.6,4.45,2.56,6.13,0.345,2.2878,0.387,1.6,665.99,23.84,2.73,5.64,139.42,50.698254417,125.9,13.5,378.04,384.91,71.5,276.78,223.637154764,3322.0,90.62,1758.72,0.83,233.15,89.51,18.35,318.43,1673.49,126.846698286,134.668135655,820.29,0.7,68.29,4.25,42.24,169.79,43.94,14.01,530.87,46.14,1171.61,363.86,228.16,353.75,42.99,59.1765393311,51.99,47.43,49.25,193.23,152.31,349.18,129.9
2020-12-28,111.4,2.25,0.698,88.11,92.42,19.31,1.99,0.434,36.4238675862,20.42,571.99,1.12,1.21,47.93,147.03,482.96,64.13,116.85,2.2,277.372884878,3.9,4.95,,,0.02,1.96,7.17,7.45,1.15,18.27,169.82,4.45,2.62,5.77,0.3627,1.881,0.4313,1.62,663.69,26.38,2.83,5.66,141.91,50.0802261484,126.44,13.65,382.59,386.8,72.85,277.0,224.44530152,3283.96,91.6,1776.09,0.899,231.8,90.22,18.76,317.29,1663.72,127.105345777,136.485411602,832.62,0.7193,67.79,4.45,42.31,165.56,45.45,14.39,519.12,44.06,1147.06,363.08,229.2,351.39,42.94,60.7443281727,53.51,47.06,49.1457508338,194.04,154.42,350.15,130.52
2020-12-24,123.39,1.76,0.665,96.96,98.13,19.87,2.05,0.43,36.8690262069,22.14,575.07,1.16,1.27,47.45,151.33,488.93,65.05,129.34,2.29,282.79981085,3.79,4.56,,,0.01775,2.12,7.46,7.87,1.2,18.77,170.94,4.59,2.81,6.31,0.385,2.0526,0.4799,1.72,661.77,27.85,2.73,5.91,142.9,49.9606077739,136.59,13.53,376.89,383.48,72.99,267.4,222.240357902,3172.69,91.81,1738.85,0.819,241.79,97.49,18.75,328.39,1690.48,129.174525704,131.77247618,931.77,0.6245,71.04,4.15,42.65,158.85,47.07,14.88,513.97,45.77,1225.52,378.48,244.93,375.17,41.5026643629,59.1565674988,55.4878,46.77,50.1021652024,192.82,155.63,347.441,129.06
2020-12-23,130.34,2.6,0.66,100.06,101.66,19.75,2.08,0.5428,37.0371972414,24.15,574.42,1.19,1.31,47.58,148.95,492.19,65.54,127.65,2.46,281.270677012,3.78,4.64,,,0.0145,1.77,7.64,8.46,1.13,19.19,173.0,4.45,2.86,6.52,0.4056,2.2284,0.3461,1.72,645.98,27.91,2.77,6.17,142.08,50.9673957597,139.92,13.56,379.74,385.8,73.4,268.11,220.514316065,3185.27,91.55,1732.38,0.7793,240.88,100.62,18.78,330.79,1670.01,128.716918605,130.76398788,923.99,0.6208,72.99,4.07,42.56,156.26,50.99,15.0,514.48,47.01,1197.96,376.22,244.05,383.88,40.8494629271,59.6358914758,55.7454,46.65,50.6401482847,192.499499488,155.77,346.22,128.21
2020-12-22,125.88,0.8052,0.5714,100.56,118.46,19.92,2.01,0.447,36.3447282759,24.45,583.48,1.22,1.23,47.81,149.64,490.06,65.86,115.37,2.36,282.749839155,3.75,4.52,,,0.01358,2.76,7.57,8.41,1.09,19.2,178.75,4.36,2.96,7.06,0.3133,1.5654,0.3045,1.77,640.34,25.3,2.73,6.33,140.54,51.4558374558,138.68,13.15,379.96,378.83,72.73,267.09,223.427635235,3206.52,93.16,1723.5,0.7045,247.01,104.77,18.32,321.96,1732.39,129.532652999,131.682610886,971.12,0.5888,72.35,3.63,42.88,156.7,53.08,14.64,527.33,47.58,1277.08,396.0,251.6,409.0,39.5333107803,58.8170463484,56.0587,46.13,51.0984301696,192.170832089,156.7309,348.9,129.19
2020-12-21,138.3,0.294,0.5701,106.46,113.14,19.2,2.04,0.434,36.9778427586,25.61,590.86,1.23,1.25,47.02,149.91,496.74,65.09,124.06,2.31,275.93370009,3.82,4.75,,,0.01336,2.3,7.83,8.3,1.13,17.9,177.0,4.44,2.86,7.07,0.3092,1.458,0.291,1.77,649.86,23.56,2.68,6.555,142.23,51.4059964664,138.57,13.24,375.91,378.35,73.06,272.79,222.080723975,3206.18,93.23,1739.37,0.6803,248.19,101.21,17.55,325.57,1697.89,130.079791922,128.038073961,935.53,0.5889,69.85,3.43,42.57,156.37,50.0,12.92,528.91,48.95,1197.26,383.29,248.0,408.97,39.3675731025,59.0766801693,54.4199,46.28,50.2416422978,192.130993617,153.1319,346.97,128.08
2020-12-18,140.23,0.2935,0.5936,104.24,99.29,19.16,2.11,0.42,37.2746151724,24.83,605.87,1.15,1.26,48.12,152.9,498.89,67.64,124.85,2.27,277.502811282,3.87,4.39,,,0.015,2.41,8.04,7.98,1.22,16.84,177.66,4.64,2.89,6.97,0.3,1.4646,0.2897,1.72,695.0,24.14,2.83,6.47,140.14,52.8912579505,144.73,13.35,373.0,380.47,72.92,276.4,218.089875797,3201.65,95.92,1731.01,0.689,247.78,101.78,18.32,336.1,1723.68,131.074589963,126.465431315,951.5,0.5948,70.36,3.49,42.79,157.88,47.56,12.68,534.45,46.72,1170.96,376.87,241.0,406.01,40.0261366397,57.1893420097,53.3687,46.8006347615,50.2217169984,192.688732233,152.99641195,347.68,127.952653936
2020-12-17,144.0,0.2993,0.6134,106.43,103.63,19.13,2.12,0.4447,37.6208496552,22.87,584.24,1.14,1.27,47.48,151.3,496.21,65.34,131.75,2.25,273.42512105,3.99,4.31,,,0.0155,1.78,8.41,8.38,1.19,16.79,173.9,4.69,3.06,7.1,0.3132,1.41,0.295,1.74,655.9,23.5,2.56,6.34,148.1,52.8812897527,143.23,13.13,375.43,380.93,74.71,274.48,218.917976794,3236.08,96.84,1747.9,0.7196,248.05,100.78,18.54,328.06,1679.99,130.27875153,128.507370496,942.4,0.582,71.0,3.57,42.54,163.55,47.14,12.92,532.9,46.0,1180.0,372.85,247.0,401.62,40.2547571422,56.4903278765,52.9328,47.0781480553,50.2914555462,193.236511231,150.936110692,347.8,128.401610617
2020-12-16,137.03,0.3,0.5825,105.78,101.47,18.87,2.3,0.4478,37.4328937931,21.74,576.72,1.1,1.28,47.11,148.66,486.57,64.73,120.88,2.16,267.468495121,3.91,4.66,,,0.01,1.52,7.93,7.98,1.24,16.89,174.0,4.79,2.7,7.53,0.3135,1.3368,0.2939,1.74,622.77,22.28,2.61,6.25,144.39,53.4793816254,139.37,13.49,377.41,379.81,73.87,275.67,218.778297107,3240.96,96.85,1763.0,0.7013,243.85,95.15,18.65,318.53,1669.54,129.343641371,127.618702588,939.72,0.595,70.27,3.14,42.61,163.0,50.66,12.7,524.83,44.67,1157.31,336.99,237.08,404.0,40.2547571422,56.2207081394,52.0224,46.7709011944,49.1955640822,191.732608891,148.094074556,345.4961,127.39395229
2020-12-15,147.22,0.2971,0.595,111.2,109.44,19.03,2.97,0.432,38.2935337931,27.56,587.91,1.13,1.29,46.285,149.54,491.79,66.37,126.22,2.17,267.028744214,3.9,4.9,,,0.0167,1.55,8.05,8.16,1.34,16.73,175.79,4.75,2.86,7.26,0.3301,1.3044,0.291,1.74,633.25,22.07,2.64,6.15,144.71,51.9143745583,137.61,13.94,383.45,387.38,73.74,275.55,213.640080078,3165.12,97.12,1767.77,0.6942,237.7,93.9,18.71,326.97,1668.99,130.328491432,127.688597817,933.13,0.6081,70.71,3.28,42.08,158.15,50.64,12.5,519.78,43.5,1074.1,335.19,233.7,399.43,40.001275988,56.1008771452,51.7447,46.6123221693,48.6077677515,191.463699201,146.641667133,342.4,126.535946189
2020-12-14,155.07,0.2951,0.582,108.27,107.54,19.06,2.97,0.433,38.7881544828,26.92,579.65,1.17,1.33,46.69,151.75,500.38,66.01,129.7,2.19,264.770023644,3.735,5.04,,,0.0231,1.41,7.76,8.08,1.22,16.11,182.76,4.85,2.95,6.69,0.3272,1.3146,0.294,1.84,639.83,20.98,2.55,5.93,143.66,49.4123568905,137.73,13.28,383.46,380.9,72.43,274.19,213.709919922,3156.97,94.78,1760.06,0.6913,234.74,94.25,18.14,320.34,1618.06,128.318999388,121.597727887,922.42,0.58,69.79,3.06,42.26,159.23,54.24,12.54,522.42,40.98,1059.17,340.12,228.33,395.99,39.5918064313,54.8226798731,50.8445,46.106851527,48.1096352679,188.874198484,145.330711738,338.84,124.460768644
2020-12-11,156.93,0.3049,0.6004,127.3,106.01,19.4,3.1,0.4417,40.6776055172,25.09,567.26,1.2,1.41,47.83,147.95,479.77,64.98,124.88,2.28,263.830555796,3.43,5.2,,,0.032,1.5,8.12,8.25,1.23,16.41,179.11,5.04,2.9,8.37,0.332,1.3968,0.3024,1.86,609.99,17.8,2.55,5.76,141.85,48.9737561837,138.7,13.33,377.56,387.51,71.64,273.55,212.7720706,3116.42,91.65,1781.77,0.645,232.01,95.69,17.61,341.22,1606.63,130.318543452,122.226784945,926.14,0.5666,71.13,3.06,42.24,163.74,56.6,12.23,503.22,41.98,1057.87,340.0,225.49,397.01,37.3104760434,53.9638910809,50.1309,46.096940338,48.0199714208,189.412017863,144.646143906,337.068087715,124.011811963
2020-12-10,155.69,0.2907,0.615,129.54,105.45,19.01,2.19,0.448,41.2810427586,21.57,554.78,1.17,1.42,49.74,149.46,478.98,63.79,115.09,2.25,266.519032935,3.46,4.83,,,0.02,1.21,7.7,8.5,1.21,17.35,176.28,4.9,2.89,17.66,0.3206,1.4346,0.3036,1.91,627.07,16.82,2.53,5.9,141.84,49.4422614841,137.46,12.46,375.14,391.79,72.16,277.12,210.038339598,3101.49,91.66,1775.33,0.625,227.19,96.85,18.27,343.3,1589.52,130.28869951,123.055542657,917.58,0.5337,71.64,3.05,42.32,164.95,57.4,12.32,501.09,45.22,1067.37,319.06,222.59,397.96,36.0625688228,54.9325249512,49.9111,46.255519363,47.9502328731,189.75064488,144.411023646,337.807710491,124.271209156
2020-12-09,156.59,0.296,0.645,122.81,89.05,18.92,2.15,0.4391,41.3997517241,20.85,541.87,1.24,1.39,49.61,144.32,488.64,61.99,115.22,2.23,261.012152253,3.37,6.3,,,0.0199,1.27,7.87,8.39,1.24,16.16,173.8,4.7,2.93,6.39,0.3149,1.3728,0.305,1.92,604.48,17.12,2.22,5.43,141.16,49.3425795053,136.93,11.56,376.87,394.7,71.53,277.92,211.315411015,3104.2,89.83,1784.13,0.5932,223.54,91.13,18.08,332.45,1536.54,129.870884333,121.597727887,885.26,0.4986,68.47,2.61,42.09,163.65,52.58,12.21,493.6,44.01,1038.19,280.01,220.97,385.36,34.3057494386,54.5231023875,47.99,46.1564074724,46.9440052562,189.471775572,141.901874613,336.508373182,124.091626484
2020-12-08,169.86,0.3025,0.649,128.11,100.08,19.07,2.09,0.4555,42.1021131034,22.67,559.27,1.31,1.45,49.63,154.76,497.14,63.95,120.12,2.35,267.128687602,3.44,5.08,,,0.0183,1.35,7.91,8.5,1.28,17.18,174.89,4.83,3.07,3.69,0.3216,1.47,0.32,1.92,649.88,17.51,2.36,5.35,142.18,49.7313392226,140.72,12.15,375.84,395.36,71.87,283.4,215.515778722,3177.29,92.92,1818.55,0.634,229.84,97.98,18.65,332.86,1615.88,129.870884333,124.193836382,915.0,0.51,69.92,2.86,43.03,164.99,54.93,12.31,512.66,46.56,1102.09,282.98,234.82,412.0,35.9153547678,56.0110038995,49.719,46.096940338,48.0000461215,191.354143402,144.401027037,343.48481504,126.515992559
2020-12-07,159.52,0.3048,0.7,125.7,123.66,19.22,2.07,0.4577,40.8062068966,22.46,560.55,1.5,1.46,49.9,148.78,495.41,59.12,123.12,2.27,267.908246029,3.3,3.98,,,0.0194,1.17,7.56,8.3,1.25,15.73,171.91,4.79,3.13,3.69,0.3203,1.5354,0.3214,1.92,641.76,17.47,2.48,5.63,139.74,49.8708939929,136.94,12.15,373.83,390.74,70.38,285.58,213.799714006,3158.0,94.07,1819.48,0.661,227.76,85.43,18.43,342.0,1575.6,129.104889841,123.564779323,912.63,0.522,70.31,2.85,42.68,163.37,54.19,11.79,515.78,45.11,1084.4,280.46,232.52,407.85,36.0528195476,54.5830178846,48.4575,45.9879172583,47.5517268862,190.527495096,143.196635501,342.575278924,126.106943139
2020-12-04,152.52,0.3098,0.63,120.0,112.01,19.75,2.0,0.468,39.9059972414,22.15,559.4,1.49,1.52,51.03,149.04,492.45,65.71,126.25,2.36,271.396270272,3.34,2.66,,,0.0155,1.07,7.73,8.5,1.22,15.15,166.86,4.94,3.07,3.86,0.34,1.5174,0.3372,2.04,599.04,16.64,2.17,5.56,140.23,50.8079045936,139.62,11.07,378.47,392.79,72.1,279.7,213.869553849,3162.58,94.04,1827.99,0.6043,225.01,88.67,18.04,319.77,1557.38,131.95001224,122.067024422,903.78,0.4586,67.31,2.58,42.8,161.62,50.88,12.41,498.31,43.04,1053.89,277.63,243.22,410.01,32.6305314876,53.6343558467,47.8107,46.3248976865,47.043631753,190.736647077,142.921528802,341.315921225,125.747777795
2020-12-03,157.26,0.3027,0.6124,118.68,99.31,19.69,2.09,0.461,39.6586868966,21.98,553.27,1.52,1.43,50.11,145.22,498.84,64.15,129.16,2.37,272.08587965,3.26,2.54,,,0.018,1.08,7.49,8.55,1.22,14.48,164.92,4.84,3.08,3.71,0.3371,1.4478,0.3228,1.92,593.38,15.17,1.88,5.42,140.5,50.1300671378,139.35,10.09,372.37,383.63,70.91,281.85,213.749828403,3186.73,92.31,1826.77,0.5432,226.19,82.81,17.32,316.43,1560.34,129.025305998,122.755991677,887.18,0.4004,69.7,2.21,42.51,162.8,50.07,11.58,497.52,45.35,1062.68,272.01,231.01,413.54,30.7882109603,52.2962430775,47.2874,45.8788941786,46.7049016641,188.844319629,140.42207648,338.297460707,124.500675904
2020-12-02,143.0,0.3185,0.626,121.09,83.3,20.67,2.06,0.486,40.3610482759,22.5,549.6,1.59,1.47,50.62,144.81,505.13,63.86,125.48,2.4,275.234096374,3.25,2.64,,,0.0145,1.03,7.31,8.6,1.27,15.33,168.25,4.8,3.18,3.64,0.3123,1.7388,0.3102,1.94,568.82,15.57,1.92,5.72,141.32,51.1866961131,138.53,10.19,367.21,385.82,70.52,287.52,214.877243014,3203.53,93.74,1827.95,0.5363,227.99,80.39,17.36,320.89,1522.86,129.970364137,122.895782134,866.92,0.41,68.01,2.26,42.71,156.07,49.35,11.2,503.38,47.98,1079.44,267.91,217.7,412.86,30.3884906787,52.3162149099,46.55,45.7203151535,46.4259474733,188.46585414,138.902891705,338.85717524,124.580490425
2020-12-01,141.01,0.3403,0.6183,114.01,81.45,20.37,2.06,0.4182,38.9860027586,22.25,557.28,1.45,1.46,50.93,149.84,514.07,62.79,123.47,2.37,271.856009857,3.14,2.92,,,0.0145,0.9143,7.53,8.65,1.31,15.5,168.62,5.112,3.05,3.5,0.3173,1.7628,0.2985,2.17,584.76,14.2,1.81,5.74,140.75,50.359335689,137.25,9.92,372.17,381.65,70.52,286.55,215.715321131,3220.08,92.63,1798.1,0.5273,224.06,81.7,16.44,284.99,1521.66,129.642080783,122.536320958,890.13,0.375,68.21,1.98,43.84,162.12,50.17,11.33,504.58,45.36,1069.06,275.3,215.71,406.31,29.5110559142,52.8953980488,46.74,45.6509368301,46.3063956772,188.306500249,139.429113239,338.677266997,124.770049913
2020-11-30,152.74,0.3193,0.6111,124.24,91.76,21.36,2.08,0.425,37.8978372414,22.22,538.5,1.49,1.5,50.2,153.11,516.03,62.57,139.5,2.51,275.004226581,3.12,2.79,,,0.0145,0.92,7.72,9.0,1.59,15.17,168.73,5.35,3.12,3.73,0.295,1.578,0.293,1.9,567.6,14.99,1.79,5.73,139.89,50.2696219081,139.9,10.02,378.42,377.94,69.03,276.97,213.580217356,3168.04,92.66,1760.74,0.5361,225.05,84.77,16.77,291.37,1553.33,128.657230722,118.871813967,901.07,0.3774,70.02,2.08,42.88,156.4,49.65,11.68,490.7,50.53,1090.38,287.31,227.88,478.36,29.0333414312,52.1464543347,47.5381,44.6895514909,46.495686021,185.946070749,139.612650993,335.189046068,123.193713123
2020-11-27,127.03,0.2991,0.572,109.99,76.0,20.44,2.15,0.4149,36.8294565517,19.35,535.07,1.51,1.52,51.13,150.67,514.05,63.99,125.69,2.57,277.802641447,3.12,2.67,,,0.0165,0.8751,7.76,8.96,1.62,16.19,164.52,5.563,3.04,3.72,0.2853,1.4676,0.285,1.9,585.76,12.55,1.85,5.94,142.08,51.0148722823,142.2,10.13,377.0,386.24,69.82,277.81,214.737563327,3195.34,87.19,1793.19,0.515101,224.0,84.3,17.02,277.62,1513.43,132.984602203,116.41549593,873.1,0.374,69.72,2.01,40.67,158.09,50.06,11.75,491.36,54.0,1034.39,270.02,226.87,471.61,29.2088283841,53.1550318697,47.3845,45.5914696957,46.7547149125,187.420094235,140.167462831,334.545774151,122.375614283
2020-11-25,109.18,0.292,0.552,104.96,60.63,19.8,2.0,0.3941,36.1369875862,18.23,523.23,1.46,1.54,50.2,140.84,508.31,63.53,102.6,2.34,269.047600653,3.03,2.54,,,0.0177,0.8675,7.7,9.15,1.54,15.74,162.15,5.663,3.02,3.55,0.2879,1.494,0.2876,1.87,574.0,13.47,1.88,6.04,141.69,50.1305085049,139.58,10.0892454126,372.73,388.16,69.35,275.59,213.380674947,3185.07,86.71,1771.43,0.54,216.35,83.17,16.9,270.09,1480.36,132.318087515,115.8563341,862.27,0.392,67.42,2.15,40.7,155.84,46.85,11.57,485.0,53.69,1019.52,265.4,224.15,443.72,29.6377964913,52.9453276297,46.6176,45.2743116456,45.9875908877,186.762759437,138.133152758,332.150595746,121.7271213
2020-11-24,98.56,0.2894,0.564,101.87,60.14,20.4,1.86,0.386,36.2062344828,18.25,516.56,1.47,1.42,49.92,136.15,506.1,63.15,95.33,2.37,267.558444171,3.1,2.57,,,0.02,0.8437,7.25,7.93,1.53,15.43,159.28,5.6,2.99,3.16,0.284,1.41,0.2968,1.82,555.38,12.06,1.81,6.06,150.51,50.2100018782,141.83,10.2781081346,373.47,392.33,70.33,276.92,213.370697826,3118.06,85.07,1768.88,0.5066,213.5,81.25,16.99,270.14,1439.28,136.72504284,114.99762129,844.1,0.3576,64.03,2.12,29.58,157.49,46.65,11.46,482.88,53.51,971.24,264.6,217.2,427.55,29.0528399816,54.3233840637,45.9127,45.3635123472,45.0809897675,186.832476764,135.823935919,330.23157449,121.467724107
2020-11-23,101.03,0.2973,0.575,106.5,61.31,19.91,1.92,0.3936,36.1270951724,18.25,554.98,1.47,1.46,49.85,137.54,523.61,62.24,93.98,2.4,275.563909554,2.86,2.6,,,0.02195,0.8422,7.1,7.36,1.56,16.18,158.48,5.85,2.92,3.06,0.3905,1.479,0.31,1.94,521.85,10.42,1.7114,5.82,148.94,49.5839915639,140.96,9.86062211755,362.69,383.86,69.38,268.43,209.62927766,3098.39,85.31,1734.86,0.525,211.05,83.39,16.63,268.86,1451.77,133.690908813,113.679596977,839.65,0.3432,65.79,1.91,29.93,156.23,50.92,11.26,476.62,55.38,980.01,265.35,217.17,430.28,28.1364081164,52.5658628146,46.3436,44.6499067346,45.2503548119,183.984025975,135.104180021,326.163649223,119.801595982
2020-11-20,97.61,0.3119,0.5802,104.07,60.34,20.63,1.93,0.399,36.3051586207,18.32,569.98,1.61,1.52,50.52,139.72,518.74,63.13,86.55,2.49,284.568808818,2.88,2.79,,,0.019,0.8607,7.33,7.25,1.6,15.57,156.5,5.028,3.12,3.12,0.3845,1.3578,0.2948,1.85,489.61,10.44,1.7,5.62,147.8,48.6797544432,136.56,9.89044254735,354.99,382.02,68.34,269.7,209.908637032,3099.4,84.64,1742.19,0.4584,208.43,83.0,15.56,260.0,1416.99,131.22380967,117.16437338,827.0,0.345,66.85,1.83,29.24,155.2,48.0,11.3,488.24,49.25,988.51,264.28,221.59,439.6,27.8341805864,51.0180458054,45.98,44.6201731674,44.851848825,182.490083253,133.77313144,325.43402135,119.831526427
2020-11-19,92.77,0.3193,0.5838,94.93,59.36,19.62,1.87,0.526,35.8006455172,18.03,574.38,1.62,1.53,50.88,137.77,514.71,62.83,86.4,2.45,281.060795897,2.93,2.87,,,0.0201,0.8676,7.47,6.82,1.54,15.0,151.2,5.295,3.12,2.95,0.3877,1.2522,0.303,1.58,499.27,10.0,1.74,5.72,148.68,49.464751504,137.42,9.81092140124,358.39,390.82,68.5,272.94,211.933992482,3117.02,85.54,1763.92,0.4605,199.45,80.26,16.24,249.94,1370.3,132.855278458,118.462427627,805.92,0.34,65.95,1.82,27.73,155.21,46.77,11.18,484.67,48.45,966.77,255.11,219.7,414.29,27.8564089337,49.8397076952,45.5614,44.4715053314,44.3238283924,183.456166213,133.104858082,327.712859091,121.078628318
2020-11-18,88.89,0.3064,0.5774,90.44,56.34,19.31,1.9,0.467,35.9292468966,17.61,578.98,1.68,1.55,50.5,139.9,519.04,61.73,89.91,2.51,281.130756269,2.92,2.89,,,0.019,0.835,7.48,6.5,1.55,14.5,152.71,5.099,3.24,2.78,0.3819,1.2228,0.2843,1.59,486.64,9.63,1.73,5.63,147.24,48.222667547,134.01,9.62205867923,337.58,391.87,67.6,271.97,210.597058343,3105.46,82.54,1746.78,0.469,193.7,81.06,16.51,253.02,1318.09,132.517047124,117.853340634,772.42,0.3473,64.45,1.8,26.56,152.9,45.62,10.72,481.79,45.06,931.43,247.34,214.32,415.04,27.8829269622,49.46024288,44.5475,44.2039032267,43.4869658199,182.440285163,130.955586998,324.626932983,120.110877251
2020-11-17,93.15,0.2905,0.5896,86.93,53.11,20.98,1.8,0.487,35.6522593103,17.41,592.57,1.71,1.48,50.27,135.67,538.15,62.81,92.89,2.53,286.627642612,2.95,4.14,,,0.02232,0.825,7.95,6.02,1.54,15.26,159.7,5.0,3.41,2.72,0.3933,1.128,0.2764,1.62,441.61,10.05,1.72,5.5,146.09,48.0239341139,129.9,9.58229810617,340.79,394.17,67.86,275.0,213.403161653,3135.66,83.36,1770.15,0.46,196.52,78.33,15.73,250.44,1300.81,131.72120869,119.211305078,795.06,0.34,63.35,1.77,26.74,152.62,46.1,11.12,480.63,46.59,914.02,248.34,211.91,401.63,27.9169519325,50.199200678,44.7738,44.4417717642,43.7260694121,184.392370319,131.955247967,327.303068094,121.407863217
2020-11-16,97.95,0.2835,0.605,91.52,50.71,20.37,1.88,0.4648,35.0364143166,16.6,597.21,2.05,1.51,50.67,135.25,559.29,61.2,90.65,2.59,291.844687469,2.95,4.57,,,0.024,0.8,8.13,5.79,1.53,15.25,164.39,4.959,3.52,2.64,0.3951,1.1478,0.2685,1.64,408.09,9.8,1.76,5.4,144.6,48.2425408903,127.15,9.51271710333,345.98,390.88,67.35,278.96,216.159511358,3131.06,83.73,1781.38,0.4773,189.46,75.69,15.0,245.85,1286.31,132.119127907,120.119943051,746.13,0.3521,62.62,1.82,26.07,151.38,46.4,10.94,479.1,45.58,919.22,242.94,208.13,399.15,28.0291660896,50.5586936607,44.1393,44.4615941424,43.7360320617,184.810674281,130.655688707,327.922752041,122.086286645
2020-11-13,89.39,0.2882,0.6179,106.0,47.47,20.32,1.76,0.474,36.2471556632,16.03,602.36,1.78,1.55,51.01,138.55,566.43,60.1,96.6,2.7,290.805276233,2.85,4.54,,,0.02,0.815,8.37,5.69,1.4816,14.29,165.68,4.95,3.71,2.63,0.4,1.149,0.2675,1.76,408.5,10.04,1.83,5.2,141.86,48.3617809502,124.74,9.58229810617,345.86,379.31,66.11,276.95,215.443059449,3128.81,81.43,1777.02,0.48,192.82,77.71,14.04,253.5,1301.66,127.742016524,119.081499653,734.77,0.3528,62.32,1.73,25.75,146.04,47.02,10.67,482.84,44.56,918.3,246.86,205.7,403.58,28.1169095661,49.829721779,43.87,43.8966563657,43.6164802657,182.579719817,129.386119275,325.424026447,120.918999276
2020-11-12,87.81,0.2912,0.5747,101.63,48.12,20.78,1.71,0.48,35.2428973369,16.14,602.25,1.72,1.54,51.04,139.97,556.78,59.49,90.87,2.7,289.426057478,2.86,4.66,,,0.0161,0.8,11.18,5.72,1.47,13.18,166.64,4.838,3.55,2.59,0.3943,1.1328,0.2595,1.68,411.76,10.05,1.78,5.24,138.46,46.2949532457,128.9,9.56241781964,340.78,366.79,64.42,275.08,214.378332307,3110.28,81.84,1749.84,0.4729,193.0,76.24,12.6,258.69,1296.0,123.772772338,119.03157449,740.0,0.3521,60.26,1.74,25.89,142.83,47.14,10.5,486.77,48.3,925.8,251.02,212.62,428.64,28.0584139151,48.6813414174,43.5347,43.2821626437,43.0784971834,180.030057572,127.846641383,322.335601613,119.901364133
2020-11-11,82.44,0.2975,0.562,109.45,48.84,18.83,1.72,0.4912,36.1345285611,16.21,585.45,1.75,1.45,51.62,136.62,567.73,60.0,85.01,2.71,284.908616338,2.935,5.34,,,0.0275,0.7949,10.86,5.73,1.68,13.1,160.0,4.872,3.46,2.6,0.4049,1.2144,0.263,1.68,417.13,9.84,1.92,5.15,140.56,47.4078604712,127.89,10.0693651261,356.27,367.25,64.88,276.48,215.482862333,3137.39,81.28,1752.71,0.485,191.76,72.01,12.9,261.04,1304.49,127.533108935,119.311155405,742.04,0.3701,59.55,1.84,25.17,144.6,46.59,10.34,490.76,43.08,947.18,245.09,208.55,413.34,28.5291089199,48.6513836688,43.82,43.9164787438,43.1581983807,181.822788838,128.856298962,325.344067228,120.978860166
2020-11-10,76.05,0.308,0.552,112.76,39.38,19.36,1.72,0.4501,36.3034692142,15.75,555.78,1.75,1.44,50.17,129.0,559.22,59.25,78.74,2.55,279.261814912,2.98,5.55,,,0.0189,0.786,9.98,5.58,1.75,13.05,161.58,4.889,3.27,2.64,0.395,1.134,0.2723,1.66,410.36,9.44,1.86,4.98,139.95,46.2452698874,125.01,9.58229810617,345.02,369.72,64.61,272.43,209.970162923,3035.02,77.99,1740.39,0.4544,185.66,71.61,12.72,249.99,1226.03,127.214773562,115.796423904,707.28,0.3725,55.67,1.73,24.1,143.77,43.05,10.05,480.24,41.55,885.76,230.06,198.31,376.01,27.7854342106,49.300468221,41.8949,43.5497647485,41.7235768279,180.358724971,127.316821069,318.127747713,118.175375117
2020-11-09,77.74,0.2905,0.5301,104.8,34.61,18.47,1.72,0.4697,36.7915199895,14.54,579.96,1.63,1.42,49.63,134.16,567.55,59.21,90.31,2.42,286.377784142,2.9,5.1,,,0.0176,0.807,10.16,5.47,1.76,13.59,168.37,4.889,3.41,2.64,0.362,1.0284,0.2586,1.62,421.26,9.14,1.71,4.95,140.86,48.0139974422,150.5,9.46301638701,352.71,364.12,64.24,278.77,217.313794989,3143.74,83.12,1763.0,0.45,187.52,69.79,13.38,274.2,1330.72,125.593252754,116.145900047,761.37,0.3459,57.75,1.62,25.79,146.3,44.23,10.09,470.5,44.02,902.6,239.89,197.6,413.24,27.3759646538,50.4887922474,43.04,43.2326066984,43.5068911193,180.657513515,129.386619106,324.504495429,120.42015852
2020-11-06,72.45,0.28,0.5623,92.0,63.36,18.49,1.67,0.4978,34.163554276,14.27,643.45,1.73,1.45,49.25,147.7,578.03,59.38,89.86,2.39,295.457251401,2.85,3.92,,,0.018,0.8501,10.7,5.23,1.681,13.65,168.98,4.9,3.69,2.67,0.37,1.0014,0.247,1.75,429.95,9.7,1.71,4.65,140.29,50.3689886247,156.86,9.26421352173,346.43,336.83,64.59,293.41,222.617529259,3311.37,85.88,1761.75,0.44,198.18,73.43,10.12,276.1,1485.86,119.067377601,118.512352791,819.34,0.3451,64.74,1.62,27.05,140.52,44.76,10.41,514.73,41.63,1045.0,252.4,231.69,500.11,27.2492240767,49.1107358135,45.8343,42.0829087669,45.429682506,178.53611485,129.186187082,330.161610173,121.29811825
2020-11-05,71.48,0.2869,0.5683,92.0,61.26,19.0,1.7,0.4945,34.1541686842,13.92,630.57,1.72,1.87,50.33,148.59,588.81,59.32,93.11,2.37,294.678155201,3.05,3.36,,,0.0175,0.88,10.51,5.38,1.71,11.85,172.4,4.975,3.62,2.68,0.3601,1.023,0.2406,1.81,438.09,9.66,1.76,4.78,140.74,49.0970946527,157.04,9.19463251889,340.12,336.21,64.51,294.68,222.189648258,3322.0,83.0,1763.37,0.439,199.99,74.11,10.36,256.38,1437.8,119.04748164,118.646918312,647.3,0.3475,63.47,1.62,27.45,141.83,45.69,10.48,513.76,42.35,1036.5,253.15,236.77,496.73,26.9529436045,49.2605245563,45.3735,41.9937080654,44.5230813858,178.625751413,129.049833325,329.162119936,120.8691152
2020-11-04,69.81,0.2838,0.5778,90.69,59.21,18.77,1.72,0.4856,34.6743300783,14.31,624.79,1.7,1.83,50.59,141.8,587.14,60.5,87.27,2.4,289.454215292,3.01,1.51,,,0.0175,0.84,11.54,5.28,1.78,11.16,174.79,4.8,3.67,2.49,0.355,1.0254,0.234,1.69,420.98,9.43,1.68,4.61,133.74,47.5171638594,149.29,9.01570994014,329.18,331.82,62.23,287.38,215.323650798,3241.16,81.35,1749.13,0.423,188.82,71.03,9.5,239.28,1315.69,114.570890453,114.580049231,632.42,0.3358,61.45,1.49,26.13,141.59,43.21,10.22,496.95,37.71,996.0,244.67,235.01,483.7,26.3717893121,45.7554679742,43.74,41.0025891589,43.5268164186,175.010410027,126.232188917,320.156712895,117.227577681
2020-11-03,69.08,0.2874,0.5824,87.22,55.94,18.82,1.78,0.49,33.6154300974,13.44,601.57,1.71,1.82,47.55,137.32,557.19,56.87,83.64,2.45,276.709000526,2.97,1.54,,,0.0183,0.8346,9.19,5.41,1.84,11.58,166.45,4.85,3.46,2.5,0.363,1.044,0.23,1.66,423.9,9.73,1.69,4.64,131.93,48.6101977416,146.35,9.66181925228,319.22,326.98,61.75,265.3,205.412732724,3048.41,76.58,1650.21,0.4371,182.06,68.93,9.63,236.53,1233.97,118.002943696,110.084564046,586.08,0.34,59.58,1.51,25.38,136.61,41.2,10.07,487.22,35.5,941.72,226.97,208.43,451.51,26.5470812795,45.1862707515,41.8758,40.5863192182,41.3051455417,171.275553223,121.938645053,306.293783301,112.837779027
2020-11-02,67.11,0.2752,0.58,87.1,55.27,18.3,1.73,0.4932,33.6525844827,13.08,591.02,1.65,1.83,46.41,136.05,548.58,55.02,82.4,2.69,271.085524105,2.8,1.58,,,0.0183,0.7452,8.93,5.0,1.68,11.32,162.49,4.675,3.8,2.45,0.3408,1.0614,0.2249,1.59,400.51,9.7,1.68,4.48,127.0,47.5668472177,143.56,9.4928368168,293.07,313.38,60.29,261.36,201.332937132,3004.48,74.7,1626.03,0.43625,184.29,65.11,9.42,231.6,1215.86,116.88876989,108.419938711,559.16,0.339,58.38,1.45,25.05,131.85,39.09,9.81,484.12,33.32,914.99,224.18,201.56,453.0,26.3393242258,44.5671439478,40.6051,39.5753779337,40.7372745103,168.048636944,118.399845221,300.73661758,110.882323263
2020-10-30,67.47,0.2806,0.5619,85.36,54.08,18.51,1.7,0.4719,32.9559397583,12.83,586.42,1.74,1.71,45.3,136.9,543.56,52.19,80.71,2.62,271.754747764,2.73,1.55,,,0.01947,0.765,8.21,5.05,1.69,10.75,163.35,4.45,3.82,2.56,0.338,1.0728,0.2374,1.65,388.04,9.71,1.67,4.18,128.73,47.3283670979,142.43,9.45307624374,283.64,309.15,60.26,263.11,201.472247225,3036.15,75.29,1621.01,0.4556,191.62,63.51,9.23,239.89,1214.05,112.919525704,108.509649059,566.45,0.3546,58.95,1.51,25.58,133.34,39.21,9.72,475.74,30.58,925.43,228.47,202.25,460.91,26.5156886135,43.0692565196,40.21,39.0996408586,40.7372745103,166.315663387,117.930004566,300.616678751,110.60297244
2020-10-29,71.28,0.2923,0.6026,84.81,54.98,18.79,1.74,0.5196,32.7701678319,13.53,568.03,1.77,1.8,45.51,140.74,555.79,53.89,87.63,2.56,274.911086217,2.8,1.55,,,0.0194,0.83,8.73,5.11,1.75,10.9,164.01,5.118,3.99,2.63,0.3701,1.1382,0.2544,1.72,410.83,9.65,1.67,4.38,129.76,48.9679179212,151.85,9.51271710333,291.97,309.36,60.52,280.83,203.71115944,3211.01,78.02,1567.24,0.4305,210.72,68.38,9.81,266.87,1300.98,113.198069155,114.948858437,617.98,0.323,62.51,1.55,26.74,134.1,43.76,9.88,504.21,31.99,977.0,235.69,213.65,489.68,26.2638648361,43.2689748434,41.572,39.2978646399,42.510626152,168.098435035,120.589102744,308.94243243,113.107153035
2020-10-28,65.74,0.2897,0.5851,77.54,50.71,18.44,1.49,0.516,32.9280739694,12.94,559.46,1.84,1.78,46.14,141.03,567.04,52.47,81.33,2.38,279.915281043,2.79,1.52,,,0.0193,0.815,8.67,5.11,1.8,10.03,161.06,5.1,4.08,2.65,0.3601,1.086,0.2506,1.65,406.02,9.9,1.66,4.52,129.89,52.9127765686,156.05,9.33379452458,285.2,306.95,60.7,267.67,201.681212365,3162.78,76.4,1516.62,0.428,208.86,71.61,9.68,276.14,1273.59,110.929929621,110.84211809,596.49,0.315,49.25,1.45,26.58,131.9,44.22,9.61,486.24,27.51,1026.71,240.04,218.25,516.01,25.8160806279,42.1505522303,41.3822,39.1095520477,41.4047720384,166.524815368,119.518265914,302.495720398,111.251465423
2020-10-27,70.67,0.3,0.6225,83.95,52.58,18.83,1.65,0.5303,34.7672160416,13.43,589.54,1.92,1.75,47.4,142.93,582.52,53.26,89.59,2.54,285.738525721,2.9,1.57,,,0.02325,0.855,9.11,5.42,1.82,10.57,164.23,5.299,4.3,2.75,0.394,1.0878,0.266,1.78,424.68,10.21,1.69,4.65,139.1,53.2108767183,161.95,9.53259738985,289.28,315.67,63.57,283.29,212.199124417,3286.33,78.88,1604.26,0.4573,213.01,74.46,9.97,287.45,1282.47,111.526808446,116.224738933,613.36,0.3264,52.52,1.56,27.93,135.25,48.13,9.94,488.93,28.44,1082.89,244.01,222.185,538.99,26.8105066944,42.7297353692,42.2838,40.2889835463,42.450850254,172.231676565,123.568092433,315.419129169,116.180012093
2020-10-26,70.24,0.3074,0.6386,82.93,49.96,18.73,1.65,0.5476,35.2223572614,13.32,583.82,1.85,1.71,49.13,141.24,585.74,51.95,87.38,2.6,279.785431677,2.97,1.6,,,0.02,0.78,9.07,5.66,1.96,10.62,158.61,5.25,4.36,2.79,0.4316,1.3062,0.2795,1.82,420.28,10.4,1.72,4.8,142.62,53.0022066136,164.54,9.53259738985,295.1,326.69,64.74,277.11,209.044745874,3207.04,82.23,1590.45,0.4621,207.2,74.02,9.99,284.96,1281.44,114.899173807,114.679727395,608.32,0.3129,50.46,1.56,27.75,132.46,46.08,9.76,488.24,26.01,1038.05,240.1,220.17,517.79,27.0152414728,42.0706649008,42.2892,40.5962304073,41.813240675,172.928849835,123.538102604,313.260230256,115.601356816
